patient_id	genes	similarities	Gene stable ID	Gene name
Group_1	ENSG00000156709	0.6824055910110474	ENSG00000156709	AIFM1
Group_1	ENSG00000166949	0.6451097726821899	ENSG00000166949	SMAD3
Group_1	ENSG00000197859	0.6291034817695618	ENSG00000197859	ADAMTSL2
Group_1	ENSG00000163635	0.6250464916229248	ENSG00000163635	ATXN7
Group_1	ENSG00000197122	0.6231599450111389	ENSG00000197122	SRC
Group_1	ENSG00000070814	0.6181098222732544	ENSG00000070814	TCOF1
Group_1	ENSG00000153902	0.6168336868286133	ENSG00000153902	LGI4
Group_1	ENSG00000171298	0.613723874092102	ENSG00000171298	GAA
Group_1	ENSG00000049540	0.6134449243545532	ENSG00000049540	ELN
Group_1	ENSG00000240583	0.6097791194915771	ENSG00000240583	AQP1
Group_1	ENSG00000006283	0.6096068620681763	ENSG00000006283	CACNA1G
Group_1	ENSG00000177000	0.6090659499168396	ENSG00000177000	MTHFR
Group_1	ENSG00000168906	0.6088657379150391	ENSG00000168906	MAT2A
Group_1	ENSG00000132170	0.6070653200149536	ENSG00000132170	PPARG
Group_1	ENSG00000138696	0.6060022115707397	ENSG00000138696	BMPR1B
Group_1	ENSG00000102683	0.6023150682449341	ENSG00000102683	SGCG
Group_1	ENSG00000121691	0.6022100448608398	ENSG00000121691	CAT
Group_1	ENSG00000077327	0.6000351905822754	ENSG00000077327	SPAG6
Group_1	ENSG00000130635	0.5971134901046753	ENSG00000130635	COL5A1
Group_1	ENSG00000120071	0.590941309928894	ENSG00000120071	KANSL1
Group_1	ENSG00000128739	0.5900901556015015	ENSG00000128739	SNRPN
Group_1	ENSG00000196159	0.5888820886611938	ENSG00000196159	FAT4
Group_1	ENSG00000119689	0.5846924781799316	ENSG00000119689	DLST
Group_1	ENSG00000004399	0.5839718580245972	ENSG00000004399	PLXND1
Group_1	ENSG00000165973	0.5827826857566833	ENSG00000165973	NELL1
Group_1	ENSG00000088682	0.5825859904289246	ENSG00000088682	COQ9
Group_1	ENSG00000092969	0.5795451402664185	ENSG00000092969	TGFB2
Group_1	ENSG00000164066	0.5789178609848022	ENSG00000164066	INTU
Group_1	ENSG00000180228	0.5772417783737183	ENSG00000180228	PRKRA
Group_1	ENSG00000184916	0.5708205699920654	ENSG00000184916	JAG2
Group_1	ENSG00000141385	0.5694758892059326	ENSG00000141385	AFG3L2
Group_1	ENSG00000167193	0.566728413105011	ENSG00000167193	CRK
Group_1	ENSG00000076716	0.5654692649841309	ENSG00000076716	GPC4
Group_1	ENSG00000164933	0.5648366212844849	ENSG00000164933	SLC25A32
Group_1	ENSG00000050405	0.5598074793815613	ENSG00000050405	LIMA1
Group_1	ENSG00000120899	0.5568791627883911	ENSG00000120899	PTK2B
Group_1	ENSG00000008710	0.5565942525863647	ENSG00000008710	PKD1
Group_1	ENSG00000070182	0.5557980537414551	ENSG00000070182	SPTB
Group_1	ENSG00000114742	0.5554907321929932	ENSG00000114742	WDR48
Group_1	ENSG00000009413	0.5553339719772339	ENSG00000009413	REV3L
Group_1	ENSG00000129116	0.5529519319534302	ENSG00000129116	PALLD
Group_1	ENSG00000143498	0.5519677400588989	ENSG00000143498	TAF1A
Group_1	ENSG00000162946	0.5505182147026062	ENSG00000162946	DISC1
Group_1	ENSG00000082898	0.5504001379013062	ENSG00000082898	XPO1
Group_1	ENSG00000091073	0.5501941442489624	ENSG00000091073	DTX2
Group_1	ENSG00000105755	0.549949586391449	ENSG00000105755	ETHE1
Group_1	ENSG00000114270	0.5487855672836304	ENSG00000114270	COL7A1
Group_1	ENSG00000149177	0.5475801229476929	ENSG00000149177	PTPRJ
Group_1	ENSG00000141449	0.5468229055404663	ENSG00000141449	GREB1L
Group_1	ENSG00000121481	0.5462499856948853	ENSG00000121481	RNF2
Group_1	ENSG00000119650	0.5454041361808777	ENSG00000119650	IFT43
Group_1	ENSG00000132305	0.5439233779907227	ENSG00000132305	IMMT
Group_1	ENSG00000104419	0.5413689613342285	ENSG00000104419	NDRG1
Group_1	ENSG00000140092	0.5397869348526001	ENSG00000140092	FBLN5
Group_1	ENSG00000203485	0.5383208394050598	ENSG00000203485	INF2
Group_1	ENSG00000164111	0.5378618240356445	ENSG00000164111	ANXA5
Group_1	ENSG00000111361	0.5377746820449829	ENSG00000111361	EIF2B1
Group_1	ENSG00000138778	0.537476658821106	ENSG00000138778	CENPE
Group_1	ENSG00000143387	0.5365810394287109	ENSG00000143387	CTSK
Group_1	ENSG00000221829	0.5359090566635132	ENSG00000221829	FANCG
Group_1	ENSG00000173638	0.5330780148506165	ENSG00000173638	SLC19A1
Group_1	ENSG00000077380	0.5318989753723145	ENSG00000077380	DYNC1I2
Group_1	ENSG00000119326	0.5285903215408325	ENSG00000119326	CTNNAL1
Group_1	ENSG00000162733	0.5283899903297424	ENSG00000162733	DDR2
Group_1	ENSG00000165704	0.5272539854049683	ENSG00000165704	HPRT1
Group_1	ENSG00000021826	0.5259050130844116	ENSG00000021826	CPS1
Group_1	ENSG00000104812	0.5197587609291077	ENSG00000104812	GYS1
Group_1	ENSG00000160193	0.5195269584655762	ENSG00000160193	WDR4
Group_1	ENSG00000108175	0.5191272497177124	ENSG00000108175	ZMIZ1
Group_1	ENSG00000157542	0.5180416703224182	ENSG00000157542	KCNJ6
Group_1	ENSG00000174720	0.5162951350212097	ENSG00000174720	LARP7
Group_1	ENSG00000013573	0.5148202180862427	ENSG00000013573	DDX11
Group_1	ENSG00000101665	0.5147329568862915	ENSG00000101665	SMAD7
Group_1	ENSG00000177853	0.5130606293678284	ENSG00000177853	ZNF518A
Group_1	ENSG00000125744	0.5128060579299927	ENSG00000125744	RTN2
Group_1	ENSG00000101310	0.5122944712638855	ENSG00000101310	SEC23B
Group_1	ENSG00000134077	0.5112079381942749	ENSG00000134077	THUMPD3
Group_1	ENSG00000013619	0.5107150673866272	ENSG00000013619	MAMLD1
Group_1	ENSG00000173542	0.5103814005851746	ENSG00000173542	MOB1B
Group_1	ENSG00000070159	0.5081964135169983	ENSG00000070159	PTPN3
Group_1	ENSG00000132383	0.5077735185623169	ENSG00000132383	RPA1
Group_1	ENSG00000181404	0.5055052042007446	ENSG00000181404	WASHC1
Group_1	ENSG00000006125	0.5042185187339783	ENSG00000006125	AP2B1
Group_1	ENSG00000132541	0.5036614537239075	ENSG00000132541	RIDA
Group_1	ENSG00000007174	0.5025304555892944	ENSG00000007174	DNAH9
Group_1	ENSG00000172379	0.5020326972007751	ENSG00000172379	ARNT2
Group_1	ENSG00000178537	0.5016860365867615	ENSG00000178537	SLC25A20
Group_1	ENSG00000124333	0.5010084509849548	ENSG00000124333	VAMP7
Group_10	ENSG00000070808	0.6504276394844055	ENSG00000070808	CAMK2A
Group_10	ENSG00000112964	0.6491950750350952	ENSG00000112964	GHR
Group_10	ENSG00000112280	0.647244930267334	ENSG00000112280	COL9A1
Group_10	ENSG00000017427	0.6433640718460083	ENSG00000017427	IGF1
Group_10	ENSG00000166949	0.6432517170906067	ENSG00000166949	SMAD3
Group_10	ENSG00000117298	0.619125247001648	ENSG00000117298	ECE1
Group_10	ENSG00000166033	0.6176929473876953	ENSG00000166033	HTRA1
Group_10	ENSG00000060718	0.6106258630752563	ENSG00000060718	COL11A1
Group_10	ENSG00000151617	0.600579559803009	ENSG00000151617	EDNRA
Group_10	ENSG00000077522	0.5957774519920349	ENSG00000077522	ACTN2
Group_10	ENSG00000176105	0.5847102403640747	ENSG00000176105	YES1
Group_10	ENSG00000162946	0.5844065546989441	ENSG00000162946	DISC1
Group_10	ENSG00000135069	0.5774497389793396	ENSG00000135069	PSAT1
Group_10	ENSG00000166257	0.5705298185348511	ENSG00000166257	SCN3B
Group_10	ENSG00000196569	0.5637434720993042	ENSG00000196569	LAMA2
Group_10	ENSG00000188517	0.5629308223724365	ENSG00000188517	COL25A1
Group_10	ENSG00000075223	0.5625975131988525	ENSG00000075223	SEMA3C
Group_10	ENSG00000149177	0.560600757598877	ENSG00000149177	PTPRJ
Group_10	ENSG00000104313	0.5604650974273682	ENSG00000104313	EYA1
Group_10	ENSG00000102554	0.5508666634559631	ENSG00000102554	KLF5
Group_10	ENSG00000144227	0.5463487505912781	ENSG00000144227	NXPH2
Group_10	ENSG00000143603	0.5448102355003357	ENSG00000143603	KCNN3
Group_10	ENSG00000111799	0.5445666313171387	ENSG00000111799	COL12A1
Group_10	ENSG00000170624	0.5441691875457764	ENSG00000170624	SGCD
Group_10	ENSG00000172216	0.5426126718521118	ENSG00000172216	CEBPB
Group_10	ENSG00000163430	0.5392093658447266	ENSG00000163430	FSTL1
Group_10	ENSG00000173511	0.5389511585235596	ENSG00000173511	VEGFB
Group_10	ENSG00000204103	0.5385696887969971	ENSG00000204103	MAFB
Group_10	ENSG00000169071	0.5380653142929077	ENSG00000169071	ROR2
Group_10	ENSG00000119866	0.5369153618812561	ENSG00000119866	BCL11A
Group_10	ENSG00000006283	0.5341266393661499	ENSG00000006283	CACNA1G
Group_10	ENSG00000138829	0.5309264659881592	ENSG00000138829	FBN2
Group_10	ENSG00000169184	0.5286930799484253	ENSG00000169184	MN1
Group_10	ENSG00000138741	0.5226699113845825	ENSG00000138741	TRPC3
Group_10	ENSG00000132561	0.5125089883804321	ENSG00000132561	MATN2
Group_10	ENSG00000184500	0.5122678279876709	ENSG00000184500	PROS1
Group_10	ENSG00000153162	0.5122530460357666	ENSG00000153162	BMP6
Group_10	ENSG00000104447	0.5120590329170227	ENSG00000104447	TRPS1
Group_10	ENSG00000168135	0.5111064910888672	ENSG00000168135	KCNJ4
Group_10	ENSG00000134871	0.507676362991333	ENSG00000134871	COL4A2
Group_10	ENSG00000198846	0.5063790082931519	ENSG00000198846	TOX
Group_10	ENSG00000197753	0.506344735622406	ENSG00000197753	LHFPL5
Group_10	ENSG00000130202	0.5049214959144592	ENSG00000130202	NECTIN2
Group_10	ENSG00000187498	0.5041338205337524	ENSG00000187498	COL4A1
Group_10	ENSG00000118495	0.5036129951477051	ENSG00000118495	PLAGL1
Group_11	ENSG00000141510	0.674098551273346	ENSG00000141510	TP53
Group_11	ENSG00000134086	0.6279972791671753	ENSG00000134086	VHL
Group_11	ENSG00000196924	0.5912574529647827	ENSG00000196924	FLNA
Group_11	ENSG00000133818	0.5848468542098999	ENSG00000133818	RRAS2
Group_11	ENSG00000070808	0.5770859718322754	ENSG00000070808	CAMK2A
Group_11	ENSG00000065534	0.5689816474914551	ENSG00000065534	MYLK
Group_11	ENSG00000189221	0.562108039855957	ENSG00000189221	MAOA
Group_11	ENSG00000141837	0.5574802160263062	ENSG00000141837	CACNA1A
Group_11	ENSG00000135424	0.5488346219062805	ENSG00000135424	ITGA7
Group_11	ENSG00000165392	0.5427051782608032	ENSG00000165392	WRN
Group_11	ENSG00000108375	0.5354079008102417	ENSG00000108375	RNF43
Group_11	ENSG00000010017	0.5353102684020996	ENSG00000010017	RANBP9
Group_11	ENSG00000108854	0.5337128639221191	ENSG00000108854	SMURF2
Group_11	ENSG00000171094	0.5309712886810303	ENSG00000171094	ALK
Group_11	ENSG00000116106	0.5288753509521484	ENSG00000116106	EPHA4
Group_11	ENSG00000114573	0.5263336896896362	ENSG00000114573	ATP6V1A
Group_11	ENSG00000182621	0.5245509147644043	ENSG00000182621	PLCB1
Group_11	ENSG00000129116	0.5232754349708557	ENSG00000129116	PALLD
Group_11	ENSG00000116678	0.52159583568573	ENSG00000116678	LEPR
Group_11	ENSG00000184349	0.5204366445541382	ENSG00000184349	EFNA5
Group_11	ENSG00000254087	0.519589364528656	ENSG00000254087	LYN
Group_11	ENSG00000166347	0.5137507319450378	ENSG00000166347	CYB5A
Group_11	ENSG00000071127	0.5118463635444641	ENSG00000071127	WDR1
Group_11	ENSG00000206561	0.5069215893745422	ENSG00000206561	COLQ
Group_11	ENSG00000178538	0.5052862167358398	ENSG00000178538	CA8
Group_11	ENSG00000196208	0.5038653016090393	ENSG00000196208	GREB1
Group_11	ENSG00000174611	0.5022216439247131	ENSG00000174611	KY
Group_11	ENSG00000142611	0.501819372177124	ENSG00000142611	PRDM16
Group_12	ENSG00000198719	0.5772978067398071	ENSG00000198719	DLL1
Group_12	ENSG00000181027	0.5441072583198547	ENSG00000181027	FKRP
Group_12	ENSG00000151835	0.5426716208457947	ENSG00000151835	SACS
Group_12	ENSG00000196218	0.5342434644699097	ENSG00000196218	RYR1
Group_12	ENSG00000138378	0.530704140663147	ENSG00000138378	STAT4
Group_12	ENSG00000133805	0.5210115909576416	ENSG00000133805	AMPD3
Group_12	ENSG00000206561	0.5205742716789246	ENSG00000206561	COLQ
Group_12	ENSG00000006704	0.5201624631881714	ENSG00000006704	GTF2IRD1
Group_12	ENSG00000141750	0.5134040117263794	ENSG00000141750	STAC2
Group_12	ENSG00000072110	0.5083649158477783	ENSG00000072110	ACTN1
Group_12	ENSG00000048342	0.5070582628250122	ENSG00000048342	CC2D2A
Group_12	ENSG00000106683	0.503905713558197	ENSG00000106683	LIMK1
Group_12	ENSG00000169432	0.5004788041114807	ENSG00000169432	SCN9A
Group_13	ENSG00000130203	0.6267760396003723	ENSG00000130203	APOE
Group_13	ENSG00000174775	0.5904967784881592	ENSG00000174775	HRAS
Group_13	ENSG00000183091	0.5840854644775391	ENSG00000183091	NEB
Group_13	ENSG00000166347	0.558314323425293	ENSG00000166347	CYB5A
Group_13	ENSG00000149575	0.5531217455863953	ENSG00000149575	SCN2B
Group_13	ENSG00000102393	0.5471802949905396	ENSG00000102393	GLA
Group_13	ENSG00000001626	0.5445197820663452	ENSG00000001626	CFTR
Group_13	ENSG00000198886	0.5397597551345825	ENSG00000198886	MT-ND4
Group_13	ENSG00000131931	0.5389995574951172	ENSG00000131931	THAP1
Group_13	ENSG00000149428	0.5242516994476318	ENSG00000149428	HYOU1
Group_13	ENSG00000133392	0.5200963020324707	ENSG00000133392	MYH11
Group_13	ENSG00000035403	0.5161010026931763	ENSG00000035403	VCL
Group_13	ENSG00000197728	0.5055522918701172	ENSG00000197728	RPS26
Group_13	ENSG00000168484	0.5051337480545044	ENSG00000168484	SFTPC
Group_13	ENSG00000124313	0.5041521191596985	ENSG00000124313	IQSEC2
Group_13	ENSG00000170892	0.5027520060539246	ENSG00000170892	TSEN34
Group_14	ENSG00000138036	0.6206995248794556	ENSG00000138036	DYNC2LI1
Group_14	ENSG00000039650	0.6029945611953735	ENSG00000039650	PNKP
Group_14	ENSG00000183454	0.5973782539367676	ENSG00000183454	GRIN2A
Group_14	ENSG00000070808	0.5819743275642395	ENSG00000070808	CAMK2A
Group_14	ENSG00000120693	0.5764771699905396	ENSG00000120693	SMAD9
Group_14	ENSG00000122367	0.5623795986175537	ENSG00000122367	LDB3
Group_14	ENSG00000077522	0.5619889497756958	ENSG00000077522	ACTN2
Group_14	ENSG00000134769	0.5615928173065186	ENSG00000134769	DTNA
Group_14	ENSG00000149591	0.5451332926750183	ENSG00000149591	TAGLN
Group_14	ENSG00000156299	0.5438068509101868	ENSG00000156299	TIAM1
Group_14	ENSG00000115266	0.5404050350189209	ENSG00000115266	APC2
Group_14	ENSG00000175110	0.5370761156082153	ENSG00000175110	MRPS22
Group_14	ENSG00000182871	0.5323066711425781	ENSG00000182871	COL18A1
Group_14	ENSG00000137285	0.531000018119812	ENSG00000137285	TUBB2B
Group_14	ENSG00000151067	0.5309953689575195	ENSG00000151067	CACNA1C
Group_14	ENSG00000148737	0.5301511883735657	ENSG00000148737	TCF7L2
Group_14	ENSG00000006704	0.5267975330352783	ENSG00000006704	GTF2IRD1
Group_14	ENSG00000004864	0.5248844027519226	ENSG00000004864	SLC25A13
Group_14	ENSG00000113621	0.5235223174095154	ENSG00000113621	TXNDC15
Group_14	ENSG00000160211	0.522468090057373	ENSG00000160211	G6PD
Group_14	ENSG00000206561	0.5211327075958252	ENSG00000206561	COLQ
Group_14	ENSG00000203710	0.5198180675506592	ENSG00000203710	CR1
Group_14	ENSG00000037474	0.5193758010864258	ENSG00000037474	NSUN2
Group_14	ENSG00000128739	0.5168519020080566	ENSG00000128739	SNRPN
Group_14	ENSG00000006042	0.5128951072692871	ENSG00000006042	TMEM98
Group_14	ENSG00000171094	0.5125516653060913	ENSG00000171094	ALK
Group_14	ENSG00000070371	0.5122650861740112	ENSG00000070371	CLTCL1
Group_14	ENSG00000198626	0.5114893913269043	ENSG00000198626	RYR2
Group_14	ENSG00000154447	0.5075226426124573	ENSG00000154447	SH3RF1
Group_14	ENSG00000183876	0.5034405589103699	ENSG00000183876	ARSI
Group_14	ENSG00000197816	0.5034157633781433	ENSG00000197816	CCDC180
Group_14	ENSG00000104969	0.5011723637580872	ENSG00000104969	SGTA
Group_14	ENSG00000110931	0.500275194644928	ENSG00000110931	CAMKK2
Group_15	ENSG00000077782	0.7119966745376587	ENSG00000077782	FGFR1
Group_15	ENSG00000118785	0.6107202768325806	ENSG00000118785	SPP1
Group_15	ENSG00000112715	0.6040493845939636	ENSG00000112715	VEGFA
Group_15	ENSG00000204389	0.6003390550613403	ENSG00000204389	HSPA1A
Group_15	ENSG00000172020	0.5811687707901001	ENSG00000172020	GAP43
Group_15	ENSG00000123560	0.5736643075942993	ENSG00000123560	PLP1
Group_15	ENSG00000148516	0.5727968215942383	ENSG00000148516	ZEB1
Group_15	ENSG00000204388	0.5661404132843018	ENSG00000204388	HSPA1B
Group_15	ENSG00000144381	0.5566841959953308	ENSG00000144381	HSPD1
Group_15	ENSG00000136531	0.5507432818412781	ENSG00000136531	SCN2A
Group_15	ENSG00000151090	0.5488226413726807	ENSG00000151090	THRB
Group_15	ENSG00000133019	0.5480058789253235	ENSG00000133019	CHRM3
Group_15	ENSG00000197943	0.5467559099197388	ENSG00000197943	PLCG2
Group_15	ENSG00000125675	0.5425787568092346	ENSG00000125675	GRIA3
Group_15	ENSG00000067715	0.5423107147216797	ENSG00000067715	SYT1
Group_15	ENSG00000116106	0.5345537066459656	ENSG00000116106	EPHA4
Group_15	ENSG00000182621	0.5208297967910767	ENSG00000182621	PLCB1
Group_15	ENSG00000144285	0.5185884237289429	ENSG00000144285	SCN1A
Group_15	ENSG00000132938	0.5165255069732666	ENSG00000132938	MTUS2
Group_15	ENSG00000002746	0.5161782503128052	ENSG00000002746	HECW1
Group_15	ENSG00000157445	0.5130654573440552	ENSG00000157445	CACNA2D3
Group_15	ENSG00000138639	0.5128659009933472	ENSG00000138639	ARHGAP24
Group_15	ENSG00000164418	0.511587917804718	ENSG00000164418	GRIK2
Group_15	ENSG00000145730	0.5058237314224243	ENSG00000145730	PAM
Group_15	ENSG00000102466	0.5052505731582642	ENSG00000102466	FGF14
Group_15	ENSG00000154556	0.5051254630088806	ENSG00000154556	SORBS2
Group_15	ENSG00000198626	0.5030617117881775	ENSG00000198626	RYR2
Group_15	ENSG00000099194	0.5029432773590088	ENSG00000099194	SCD
Group_15	ENSG00000107295	0.5005885362625122	ENSG00000107295	SH3GL2
Group_15	ENSG00000096060	0.5003443956375122	ENSG00000096060	FKBP5
Group_15	ENSG00000179104	0.5003288984298706	ENSG00000179104	TMTC2
Group_2	ENSG00000080815	0.6751084327697754	ENSG00000080815	PSEN1
Group_2	ENSG00000133818	0.6572034358978271	ENSG00000133818	RRAS2
Group_2	ENSG00000198793	0.6428592205047607	ENSG00000198793	MTOR
Group_2	ENSG00000163913	0.642500638961792	ENSG00000163913	IFT122
Group_2	ENSG00000065000	0.6372209787368774	ENSG00000065000	AP3D1
Group_2	ENSG00000128739	0.6359229683876038	ENSG00000128739	SNRPN
Group_2	ENSG00000166949	0.6310817003250122	ENSG00000166949	SMAD3
Group_2	ENSG00000179455	0.6294036507606506	ENSG00000179455	MKRN3
Group_2	ENSG00000155974	0.6290326118469238	ENSG00000155974	GRIP1
Group_2	ENSG00000074266	0.6268961429595947	ENSG00000074266	EED
Group_2	ENSG00000174611	0.6112453937530518	ENSG00000174611	KY
Group_2	ENSG00000172817	0.6057748794555664	ENSG00000172817	CYP7B1
Group_2	ENSG00000095015	0.6037530303001404	ENSG00000095015	MAP3K1
Group_2	ENSG00000171094	0.5996921062469482	ENSG00000171094	ALK
Group_2	ENSG00000018236	0.5973234176635742	ENSG00000018236	CNTN1
Group_2	ENSG00000137171	0.5928480625152588	ENSG00000137171	KLC4
Group_2	ENSG00000120071	0.5906710028648376	ENSG00000120071	KANSL1
Group_2	ENSG00000102935	0.5898975729942322	ENSG00000102935	ZNF423
Group_2	ENSG00000163235	0.5875393152236938	ENSG00000163235	TGFA
Group_2	ENSG00000157259	0.5835504531860352	ENSG00000157259	GATAD1
Group_2	ENSG00000070669	0.5821710824966431	ENSG00000070669	ASNS
Group_2	ENSG00000108797	0.5820635557174683	ENSG00000108797	CNTNAP1
Group_2	ENSG00000150995	0.5791274309158325	ENSG00000150995	ITPR1
Group_2	ENSG00000164305	0.5788162350654602	ENSG00000164305	CASP3
Group_2	ENSG00000187555	0.5787761211395264	ENSG00000187555	USP7
Group_2	ENSG00000114279	0.5782070159912109	ENSG00000114279	FGF12
Group_2	ENSG00000144061	0.5743576288223267	ENSG00000144061	NPHP1
Group_2	ENSG00000181027	0.5711398124694824	ENSG00000181027	FKRP
Group_2	ENSG00000156475	0.5703566670417786	ENSG00000156475	PPP2R2B
Group_2	ENSG00000071051	0.5701573491096497	ENSG00000071051	NCK2
Group_2	ENSG00000112186	0.566955029964447	ENSG00000112186	CAP2
Group_2	ENSG00000112367	0.5649000406265259	ENSG00000112367	FIG4
Group_2	ENSG00000143337	0.5646774768829346	ENSG00000143337	TOR1AIP1
Group_2	ENSG00000167193	0.5629701614379883	ENSG00000167193	CRK
Group_2	ENSG00000066032	0.5606198906898499	ENSG00000066032	CTNNA2
Group_2	ENSG00000103942	0.5603429079055786	ENSG00000103942	HOMER2
Group_2	ENSG00000150893	0.5595657229423523	ENSG00000150893	FREM2
Group_2	ENSG00000143614	0.5571823120117188	ENSG00000143614	GATAD2B
Group_2	ENSG00000077264	0.5571230053901672	ENSG00000077264	PAK3
Group_2	ENSG00000085733	0.5564305782318115	ENSG00000085733	CTTN
Group_2	ENSG00000160294	0.5554494857788086	ENSG00000160294	MCM3AP
Group_2	ENSG00000113273	0.5537571907043457	ENSG00000113273	ARSB
Group_2	ENSG00000138646	0.5507229566574097	ENSG00000138646	HERC5
Group_2	ENSG00000028277	0.549285352230072	ENSG00000028277	POU2F2
Group_2	ENSG00000081307	0.548633337020874	ENSG00000081307	UBA5
Group_2	ENSG00000173715	0.548193633556366	ENSG00000173715	C11orf80
Group_2	ENSG00000152104	0.5457422733306885	ENSG00000152104	PTPN14
Group_2	ENSG00000156471	0.5437138080596924	ENSG00000156471	PTDSS1
Group_2	ENSG00000182389	0.5374365448951721	ENSG00000182389	CACNB4
Group_2	ENSG00000143603	0.536135196685791	ENSG00000143603	KCNN3
Group_2	ENSG00000164953	0.5347489714622498	ENSG00000164953	TMEM67
Group_2	ENSG00000196562	0.5347304344177246	ENSG00000196562	SULF2
Group_2	ENSG00000113569	0.5332852602005005	ENSG00000113569	NUP155
Group_2	ENSG00000177302	0.5304833054542542	ENSG00000177302	TOP3A
Group_2	ENSG00000103494	0.530028760433197	ENSG00000103494	RPGRIP1L
Group_2	ENSG00000177646	0.5300047993659973	ENSG00000177646	ACAD9
Group_2	ENSG00000184384	0.5273930430412292	ENSG00000184384	MAML2
Group_2	ENSG00000254087	0.5270692110061646	ENSG00000254087	LYN
Group_2	ENSG00000168014	0.5259813666343689	ENSG00000168014	C2CD3
Group_2	ENSG00000121989	0.5241867303848267	ENSG00000121989	ACVR2A
Group_2	ENSG00000129682	0.5211679935455322	ENSG00000129682	FGF13
Group_2	ENSG00000151247	0.520182728767395	ENSG00000151247	EIF4E
Group_2	ENSG00000099204	0.5190296769142151	ENSG00000099204	ABLIM1
Group_2	ENSG00000048740	0.5175104141235352	ENSG00000048740	CELF2
Group_2	ENSG00000082781	0.5169272422790527	ENSG00000082781	ITGB5
Group_2	ENSG00000135540	0.5163027048110962	ENSG00000135540	NHSL1
Group_2	ENSG00000025434	0.5157322883605957	ENSG00000025434	NR1H3
Group_2	ENSG00000174842	0.5157077312469482	ENSG00000174842	GLMN
Group_2	ENSG00000141076	0.5139710903167725	ENSG00000141076	UTP4
Group_2	ENSG00000154447	0.5129673480987549	ENSG00000154447	SH3RF1
Group_2	ENSG00000165973	0.5082103610038757	ENSG00000165973	NELL1
Group_2	ENSG00000112130	0.5080391764640808	ENSG00000112130	RNF8
Group_2	ENSG00000170734	0.507719874382019	ENSG00000170734	POLH
Group_2	ENSG00000113845	0.5071197748184204	ENSG00000113845	TIMMDC1
Group_2	ENSG00000101605	0.5057917237281799	ENSG00000101605	MYOM1
Group_2	ENSG00000136143	0.5045228600502014	ENSG00000136143	SUCLA2
Group_2	ENSG00000079308	0.5037065744400024	ENSG00000079308	TNS1
Group_2	ENSG00000049323	0.5030162334442139	ENSG00000049323	LTBP1
Group_2	ENSG00000119326	0.5025826692581177	ENSG00000119326	CTNNAL1
Group_2	ENSG00000151466	0.500565767288208	ENSG00000151466	SCLT1
Group_2	ENSG00000127080	0.5002408027648926	ENSG00000127080	IPPK
Group_3	ENSG00000165731	0.7161184549331665	ENSG00000165731	RET
Group_3	ENSG00000087085	0.6990835666656494	ENSG00000087085	ACHE
Group_3	ENSG00000126351	0.6490412950515747	ENSG00000126351	THRA
Group_3	ENSG00000131828	0.6392918825149536	ENSG00000131828	PDHA1
Group_3	ENSG00000131931	0.6391608119010925	ENSG00000131931	THAP1
Group_3	ENSG00000087460	0.6270225048065186	ENSG00000087460	GNAS
Group_3	ENSG00000198786	0.6239365339279175	ENSG00000198786	MT-ND5
Group_3	ENSG00000119718	0.623066246509552	ENSG00000119718	EIF2B2
Group_3	ENSG00000149428	0.6090173721313477	ENSG00000149428	HYOU1
Group_3	ENSG00000142208	0.5987703204154968	ENSG00000142208	AKT1
Group_3	ENSG00000198888	0.5933371782302856	ENSG00000198888	MT-ND1
Group_3	ENSG00000128422	0.5931122303009033	ENSG00000128422	KRT17
Group_3	ENSG00000168646	0.5900478363037109	ENSG00000168646	AXIN2
Group_3	ENSG00000168264	0.5891920924186707	ENSG00000168264	IRF2BP2
Group_3	ENSG00000125356	0.5890533924102783	ENSG00000125356	NDUFA1
Group_3	ENSG00000160211	0.5876772403717041	ENSG00000160211	G6PD
Group_3	ENSG00000126583	0.586042582988739	ENSG00000126583	PRKCG
Group_3	ENSG00000131462	0.5832497477531433	ENSG00000131462	TUBG1
Group_3	ENSG00000115286	0.5816423892974854	ENSG00000115286	NDUFS7
Group_3	ENSG00000198938	0.5810120105743408	ENSG00000198938	MT-CO3
Group_3	ENSG00000269335	0.5784880518913269	ENSG00000269335	IKBKG
Group_3	ENSG00000170606	0.577340841293335	ENSG00000170606	HSPA4
Group_3	ENSG00000077522	0.576393723487854	ENSG00000077522	ACTN2
Group_3	ENSG00000178057	0.5763497352600098	ENSG00000178057	NDUFAF3
Group_3	ENSG00000116133	0.5747958421707153	ENSG00000116133	DHCR24
Group_3	ENSG00000198727	0.5731337666511536	ENSG00000198727	MT-CYB
Group_3	ENSG00000148290	0.5715112686157227	ENSG00000148290	SURF1
Group_3	ENSG00000105372	0.56756192445755	ENSG00000105372	RPS19
Group_3	ENSG00000163932	0.565773606300354	ENSG00000163932	PRKCD
Group_3	ENSG00000160014	0.5633584260940552	ENSG00000160014	CALM3
Group_3	ENSG00000100075	0.5616687536239624	ENSG00000100075	SLC25A1
Group_3	ENSG00000168484	0.5571482181549072	ENSG00000168484	SFTPC
Group_3	ENSG00000149575	0.5558984875679016	ENSG00000149575	SCN2B
Group_3	ENSG00000172269	0.5548253059387207	ENSG00000172269	DPAGT1
Group_3	ENSG00000113140	0.5529071092605591	ENSG00000113140	SPARC
Group_3	ENSG00000108788	0.5497735738754272	ENSG00000108788	MLX
Group_3	ENSG00000141499	0.5494397282600403	ENSG00000141499	WRAP53
Group_3	ENSG00000139190	0.5481603741645813	ENSG00000139190	VAMP1
Group_3	ENSG00000169714	0.5477889776229858	ENSG00000169714	CNBP
Group_3	ENSG00000111674	0.5442049503326416	ENSG00000111674	ENO2
Group_3	ENSG00000131100	0.5433433055877686	ENSG00000131100	ATP6V1E1
Group_3	ENSG00000100473	0.5339933037757874	ENSG00000100473	COCH
Group_3	ENSG00000198931	0.5339311361312866	ENSG00000198931	APRT
Group_3	ENSG00000071082	0.5336362719535828	ENSG00000071082	RPL31
Group_3	ENSG00000198899	0.5309410691261292	ENSG00000198899	MT-ATP6
Group_3	ENSG00000104738	0.5308696627616882	ENSG00000104738	MCM4
Group_3	ENSG00000147224	0.5279737710952759	ENSG00000147224	PRPS1
Group_3	ENSG00000179950	0.5206977128982544	ENSG00000179950	PUF60
Group_3	ENSG00000010361	0.5191417932510376	ENSG00000010361	FUZ
Group_3	ENSG00000213741	0.5181235074996948	ENSG00000213741	RPS29
Group_3	ENSG00000110651	0.5177187919616699	ENSG00000110651	CD81
Group_3	ENSG00000162736	0.5174752473831177	ENSG00000162736	NCSTN
Group_3	ENSG00000108528	0.5172711610794067	ENSG00000108528	SLC25A11
Group_3	ENSG00000172216	0.5166075825691223	ENSG00000172216	CEBPB
Group_3	ENSG00000131187	0.5142865777015686	ENSG00000131187	F12
Group_3	ENSG00000109536	0.5119389295578003	ENSG00000109536	FRG1
Group_3	ENSG00000233927	0.5098609924316406	ENSG00000233927	RPS28
Group_3	ENSG00000203667	0.5096118450164795	ENSG00000203667	COX20
Group_3	ENSG00000152234	0.5093172192573547	ENSG00000152234	ATP5F1A
Group_3	ENSG00000188021	0.5077266097068787	ENSG00000188021	UBQLN2
Group_3	ENSG00000139531	0.5044165253639221	ENSG00000139531	SUOX
Group_3	ENSG00000132386	0.5038354396820068	ENSG00000132386	SERPINF1
Group_3	ENSG00000126456	0.5002568960189819	ENSG00000126456	IRF3
Group_4	ENSG00000114200	0.6523258090019226	ENSG00000114200	BCHE
Group_4	ENSG00000155016	0.6472257375717163	ENSG00000155016	CYP2U1
Group_4	ENSG00000196569	0.6361531019210815	ENSG00000196569	LAMA2
Group_4	ENSG00000168610	0.6252998113632202	ENSG00000168610	STAT3
Group_4	ENSG00000140416	0.6139224767684937	ENSG00000140416	TPM1
Group_4	ENSG00000170876	0.6068297624588013	ENSG00000170876	TMEM43
Group_4	ENSG00000084093	0.6067684888839722	ENSG00000084093	REST
Group_4	ENSG00000010072	0.5996267795562744	ENSG00000010072	SPRTN
Group_4	ENSG00000105711	0.5993335247039795	ENSG00000105711	SCN1B
Group_4	ENSG00000105976	0.5972381830215454	ENSG00000105976	MET
Group_4	ENSG00000140464	0.59428471326828	ENSG00000140464	PML
Group_4	ENSG00000177990	0.5921956896781921	ENSG00000177990	DPY19L2
Group_4	ENSG00000181027	0.5850725173950195	ENSG00000181027	FKRP
Group_4	ENSG00000147889	0.5766196250915527	ENSG00000147889	CDKN2A
Group_4	ENSG00000158169	0.5761775970458984	ENSG00000158169	FANCC
Group_4	ENSG00000169946	0.5681136846542358	ENSG00000169946	ZFPM2
Group_4	ENSG00000171453	0.5664302706718445	ENSG00000171453	POLR1C
Group_4	ENSG00000105983	0.565796971321106	ENSG00000105983	LMBR1
Group_4	ENSG00000165029	0.5651904344558716	ENSG00000165029	ABCA1
Group_4	ENSG00000104320	0.562145471572876	ENSG00000104320	NBN
Group_4	ENSG00000141499	0.5596357583999634	ENSG00000141499	WRAP53
Group_4	ENSG00000186350	0.5589094161987305	ENSG00000186350	RXRA
Group_4	ENSG00000014919	0.5572951436042786	ENSG00000014919	COX15
Group_4	ENSG00000159267	0.5571494698524475	ENSG00000159267	HLCS
Group_4	ENSG00000121931	0.5559455752372742	ENSG00000121931	LRIF1
Group_4	ENSG00000159023	0.5499801635742188	ENSG00000159023	EPB41
Group_4	ENSG00000133103	0.5475841164588928	ENSG00000133103	COG6
Group_4	ENSG00000104381	0.5469769239425659	ENSG00000104381	GDAP1
Group_4	ENSG00000150995	0.546678900718689	ENSG00000150995	ITPR1
Group_4	ENSG00000123384	0.5439929962158203	ENSG00000123384	LRP1
Group_4	ENSG00000120071	0.5432360172271729	ENSG00000120071	KANSL1
Group_4	ENSG00000137478	0.5426819324493408	ENSG00000137478	FCHSD2
Group_4	ENSG00000152952	0.5402736067771912	ENSG00000152952	PLOD2
Group_4	ENSG00000138231	0.539838969707489	ENSG00000138231	DBR1
Group_4	ENSG00000147065	0.5386658906936646	ENSG00000147065	MSN
Group_4	ENSG00000203485	0.5360174179077148	ENSG00000203485	INF2
Group_4	ENSG00000130226	0.5345142483711243	ENSG00000130226	DPP6
Group_4	ENSG00000132763	0.5336946249008179	ENSG00000132763	MMACHC
Group_4	ENSG00000177426	0.5305863618850708	ENSG00000177426	TGIF1
Group_4	ENSG00000139613	0.5292085409164429	ENSG00000139613	SMARCC2
Group_4	ENSG00000106305	0.5284173488616943	ENSG00000106305	AIMP2
Group_4	ENSG00000184384	0.527532160282135	ENSG00000184384	MAML2
Group_4	ENSG00000145349	0.5268504023551941	ENSG00000145349	CAMK2D
Group_4	ENSG00000115295	0.5256742835044861	ENSG00000115295	CLIP4
Group_4	ENSG00000117676	0.5237723588943481	ENSG00000117676	RPS6KA1
Group_4	ENSG00000136158	0.518671452999115	ENSG00000136158	SPRY2
Group_4	ENSG00000129521	0.5166115164756775	ENSG00000129521	EGLN3
Group_4	ENSG00000138442	0.5157153606414795	ENSG00000138442	WDR12
Group_4	ENSG00000135077	0.5148746371269226	ENSG00000135077	HAVCR2
Group_4	ENSG00000198945	0.5146700143814087	ENSG00000198945	L3MBTL3
Group_4	ENSG00000133028	0.5125865936279297	ENSG00000133028	SCO1
Group_4	ENSG00000016602	0.5110054612159729	ENSG00000016602	CLCA4
Group_4	ENSG00000185736	0.5092722177505493	ENSG00000185736	ADARB2
Group_4	ENSG00000113594	0.505910336971283	ENSG00000113594	LIFR
Group_4	ENSG00000044524	0.5052281618118286	ENSG00000044524	EPHA3
Group_4	ENSG00000240065	0.5050351619720459	ENSG00000240065	PSMB9
Group_4	ENSG00000181544	0.504977822303772	ENSG00000181544	FANCB
Group_4	ENSG00000197969	0.5031647086143494	ENSG00000197969	VPS13A
Group_4	ENSG00000158186	0.5028364658355713	ENSG00000158186	MRAS
Group_4	ENSG00000117425	0.5018284320831299	ENSG00000117425	PTCH2
Group_4	ENSG00000116661	0.5017164349555969	ENSG00000116661	FBXO2
Group_4	ENSG00000115109	0.5009213089942932	ENSG00000115109	EPB41L5
Group_5	ENSG00000196924	0.6484032869338989	ENSG00000196924	FLNA
Group_5	ENSG00000198467	0.6155781745910645	ENSG00000198467	TPM2
Group_5	ENSG00000204389	0.593222439289093	ENSG00000204389	HSPA1A
Group_5	ENSG00000115415	0.5824022889137268	ENSG00000115415	STAT1
Group_5	ENSG00000162614	0.5771808624267578	ENSG00000162614	NEXN
Group_5	ENSG00000105329	0.5679646730422974	ENSG00000105329	TGFB1
Group_5	ENSG00000112715	0.5644749402999878	ENSG00000112715	VEGFA
Group_5	ENSG00000012061	0.5611869692802429	ENSG00000012061	ERCC1
Group_5	ENSG00000114859	0.5547752380371094	ENSG00000114859	CLCN2
Group_5	ENSG00000108984	0.549919068813324	ENSG00000108984	MAP2K6
Group_5	ENSG00000102882	0.5496439933776855	ENSG00000102882	MAPK3
Group_5	ENSG00000196230	0.5488766431808472	ENSG00000196230	TUBB
Group_5	ENSG00000139190	0.5462421774864197	ENSG00000139190	VAMP1
Group_5	ENSG00000164885	0.5424289703369141	ENSG00000164885	CDK5
Group_5	ENSG00000105649	0.5387229919433594	ENSG00000105649	RAB3A
Group_5	ENSG00000159840	0.5303035974502563	ENSG00000159840	ZYX
Group_5	ENSG00000114270	0.5292723774909973	ENSG00000114270	COL7A1
Group_5	ENSG00000108819	0.5158344507217407	ENSG00000108819	PPP1R9B
Group_5	ENSG00000183230	0.5118500590324402	ENSG00000183230	CTNNA3
Group_5	ENSG00000204580	0.5074530839920044	ENSG00000204580	DDR1
Group_5	ENSG00000141522	0.5073167085647583	ENSG00000141522	ARHGDIA
Group_5	ENSG00000150907	0.5060975551605225	ENSG00000150907	FOXO1
Group_5	ENSG00000149131	0.5059144496917725	ENSG00000149131	SERPING1
Group_5	ENSG00000132002	0.5058209896087646	ENSG00000132002	DNAJB1
Group_5	ENSG00000053918	0.5057764053344727	ENSG00000053918	KCNQ1
Group_5	ENSG00000132589	0.5054843425750732	ENSG00000132589	FLOT2
Group_5	ENSG00000075426	0.5030585527420044	ENSG00000075426	FOSL2
Group_5	ENSG00000163930	0.5027052164077759	ENSG00000163930	BAP1
Group_5	ENSG00000166340	0.5005717873573303	ENSG00000166340	TPP1
Group_5	ENSG00000149428	0.5001062154769897	ENSG00000149428	HYOU1
Group_6	ENSG00000177606	0.5908821821212769	ENSG00000177606	JUN
Group_6	ENSG00000221869	0.583410382270813	ENSG00000221869	CEBPD
Group_6	ENSG00000112715	0.5575543642044067	ENSG00000112715	VEGFA
Group_6	ENSG00000106799	0.5573314428329468	ENSG00000106799	TGFBR1
Group_6	ENSG00000187266	0.5515256524085999	ENSG00000187266	EPOR
Group_6	ENSG00000154277	0.5445164442062378	ENSG00000154277	UCHL1
Group_6	ENSG00000172216	0.5412459373474121	ENSG00000172216	CEBPB
Group_6	ENSG00000048342	0.5400429964065552	ENSG00000048342	CC2D2A
Group_6	ENSG00000170606	0.5390591025352478	ENSG00000170606	HSPA4
Group_6	ENSG00000273611	0.5283349752426147	ENSG00000273611	ZNHIT3
Group_6	ENSG00000159200	0.5263478755950928	ENSG00000159200	RCAN1
Group_6	ENSG00000131095	0.525188684463501	ENSG00000131095	GFAP
Group_6	ENSG00000144061	0.5228393077850342	ENSG00000144061	NPHP1
Group_6	ENSG00000054654	0.5223745703697205	ENSG00000054654	SYNE2
Group_6	ENSG00000114480	0.5217541456222534	ENSG00000114480	GBE1
Group_6	ENSG00000008710	0.5207327604293823	ENSG00000008710	PKD1
Group_6	ENSG00000079999	0.5183981657028198	ENSG00000079999	KEAP1
Group_6	ENSG00000099250	0.5178505778312683	ENSG00000099250	NRP1
Group_6	ENSG00000140009	0.5147945284843445	ENSG00000140009	ESR2
Group_6	ENSG00000157388	0.5113569498062134	ENSG00000157388	CACNA1D
Group_6	ENSG00000188157	0.5100290775299072	ENSG00000188157	AGRN
Group_6	ENSG00000188906	0.5085567831993103	ENSG00000188906	LRRK2
Group_6	ENSG00000110723	0.5071314573287964	ENSG00000110723	EXPH5
Group_6	ENSG00000198888	0.5061125755310059	ENSG00000198888	MT-ND1
Group_6	ENSG00000136104	0.5054728984832764	ENSG00000136104	RNASEH2B
Group_6	ENSG00000108797	0.5002758502960205	ENSG00000108797	CNTNAP1
Group_6	ENSG00000072110	0.5000894665718079	ENSG00000072110	ACTN1
Group_7	ENSG00000155016	0.6471791863441467	ENSG00000155016	CYP2U1
Group_7	ENSG00000196924	0.5993773937225342	ENSG00000196924	FLNA
Group_7	ENSG00000039650	0.5990252494812012	ENSG00000039650	PNKP
Group_7	ENSG00000084207	0.5961936712265015	ENSG00000084207	GSTP1
Group_7	ENSG00000091831	0.5836828947067261	ENSG00000091831	ESR1
Group_7	ENSG00000160285	0.5815131664276123	ENSG00000160285	LSS
Group_7	ENSG00000265241	0.572457492351532	ENSG00000265241	RBM8A
Group_7	ENSG00000170876	0.5697953104972839	ENSG00000170876	TMEM43
Group_7	ENSG00000109971	0.565870463848114	ENSG00000109971	HSPA8
Group_7	ENSG00000198786	0.5648903250694275	ENSG00000198786	MT-ND5
Group_7	ENSG00000139190	0.5617696046829224	ENSG00000139190	VAMP1
Group_7	ENSG00000172638	0.5553848147392273	ENSG00000172638	EFEMP2
Group_7	ENSG00000198899	0.5502489805221558	ENSG00000198899	MT-ATP6
Group_7	ENSG00000198888	0.550248384475708	ENSG00000198888	MT-ND1
Group_7	ENSG00000173039	0.548359751701355	ENSG00000173039	RELA
Group_7	ENSG00000079739	0.5462580919265747	ENSG00000079739	PGM1
Group_7	ENSG00000143222	0.5430776476860046	ENSG00000143222	UFC1
Group_7	ENSG00000091140	0.540245532989502	ENSG00000091140	DLD
Group_7	ENSG00000130202	0.5395873785018921	ENSG00000130202	NECTIN2
Group_7	ENSG00000007541	0.5353567600250244	ENSG00000007541	PIGQ
Group_7	ENSG00000149428	0.5316790342330933	ENSG00000149428	HYOU1
Group_7	ENSG00000147155	0.531108558177948	ENSG00000147155	EBP
Group_7	ENSG00000150991	0.5285330414772034	ENSG00000150991	UBC
Group_7	ENSG00000116030	0.5278626680374146	ENSG00000116030	SUMO1
Group_7	ENSG00000014216	0.5257227420806885	ENSG00000014216	CAPN1
Group_7	ENSG00000160014	0.5254486799240112	ENSG00000160014	CALM3
Group_7	ENSG00000119655	0.5220596194267273	ENSG00000119655	NPC2
Group_7	ENSG00000132535	0.5214412212371826	ENSG00000132535	DLG4
Group_7	ENSG00000117632	0.5190284252166748	ENSG00000117632	STMN1
Group_7	ENSG00000115275	0.5169098377227783	ENSG00000115275	MOGS
Group_7	ENSG00000141378	0.5121650695800781	ENSG00000141378	PTRH2
Group_7	ENSG00000135677	0.5120674967765808	ENSG00000135677	GNS
Group_7	ENSG00000158828	0.5095226168632507	ENSG00000158828	PINK1
Group_7	ENSG00000102316	0.5066878199577332	ENSG00000102316	MAGED2
Group_7	ENSG00000108064	0.5065819025039673	ENSG00000108064	TFAM
Group_7	ENSG00000115414	0.505809485912323	ENSG00000115414	FN1
Group_7	ENSG00000110955	0.5001492500305176	ENSG00000110955	ATP5F1B
Group_8	ENSG00000100714	0.6296824216842651	ENSG00000100714	MTHFD1
Group_8	ENSG00000125351	0.5691752433776855	ENSG00000125351	UPF3B
Group_8	ENSG00000256061	0.5511524677276611	ENSG00000256061	DNAAF4
Group_8	ENSG00000115355	0.5510765910148621	ENSG00000115355	CCDC88A
Group_8	ENSG00000166278	0.5478944182395935	ENSG00000166278	C2
Group_8	ENSG00000166813	0.5435189008712769	ENSG00000166813	KIF7
Group_8	ENSG00000143801	0.5433836579322815	ENSG00000143801	PSEN2
Group_8	ENSG00000106327	0.5391473770141602	ENSG00000106327	TFR2
Group_8	ENSG00000134242	0.5363703370094299	ENSG00000134242	PTPN22
Group_8	ENSG00000116711	0.5287879705429077	ENSG00000116711	PLA2G4A
Group_8	ENSG00000080819	0.5281953811645508	ENSG00000080819	CPOX
Group_8	ENSG00000117425	0.5201170444488525	ENSG00000117425	PTCH2
Group_8	ENSG00000148218	0.516476035118103	ENSG00000148218	ALAD
Group_8	ENSG00000164087	0.5062252283096313	ENSG00000164087	POC1A
Group_9	ENSG00000147475	0.6353129148483276	ENSG00000147475	ERLIN2
Group_9	ENSG00000164754	0.5700438618659973	ENSG00000164754	RAD21
Group_9	ENSG00000100030	0.545201301574707	ENSG00000100030	MAPK1
Group_9	ENSG00000118058	0.5451001524925232	ENSG00000118058	KMT2A
Group_9	ENSG00000164818	0.5270907878875732	ENSG00000164818	DNAAF5
Group_9	ENSG00000072501	0.5257304906845093	ENSG00000072501	SMC1A
Group_9	ENSG00000096717	0.5244813561439514	ENSG00000096717	SIRT1
Group_9	ENSG00000085224	0.5180657505989075	ENSG00000085224	ATRX
Group_9	ENSG00000169032	0.5167051553726196	ENSG00000169032	MAP2K1
Group_9	ENSG00000198087	0.5118383765220642	ENSG00000198087	CD2AP
Group_9	ENSG00000104381	0.5072379112243652	ENSG00000104381	GDAP1
Group_9	ENSG00000108061	0.5013687610626221	ENSG00000108061	SHOC2
